# Breakeven payroll growth — monthly, thousands of jobs per month
# Suggested citation: Petrosky-Nadeau, N. (2026). Breakeven payroll growth estimates.
#   Method: Petrosky-Nadeau and Stewart (2024), FRBSF Economic Letter 2024-18.
# United States: BLS via FRED (CLF16OV, PAYEMS); reference unemployment rate 4.4%.
#   Estimates match the published series plotted on the website: the trend labor force is
#   extended with a demographic projection before filtering, so the latest month is an
#   interior point rather than a one-sided endpoint. Historical months only.
# Canada: Statistics Canada (LFS 14-10-0287; SEPH 14-10-0223); reference unemployment rate 6.0%.
#   No demographic projection is available for Canada, so its estimates are filtered on
#   actual data alone and the latest months are more sensitive to revision.
country,date,lr_breakeven_thousands_per_month,sr_breakeven_thousands_per_month,actual_payroll_growth_thousands_per_month
United States,2022-01-01,77.7,204.9,190.0
United States,2022-02-01,77.8,206.5,819.0
United States,2022-03-01,77.9,207.7,490.0
United States,2022-04-01,78.0,208.7,308.0
United States,2022-05-01,78.0,209.3,301.0
United States,2022-06-01,78.1,209.7,434.0
United States,2022-07-01,78.2,209.8,714.0
United States,2022-08-01,78.3,209.6,290.0
United States,2022-09-01,78.4,209.0,220.0
United States,2022-10-01,78.4,208.2,357.0
United States,2022-11-01,78.5,207.1,303.0
United States,2022-12-01,78.6,205.6,100.0
United States,2023-01-01,78.7,203.9,434.0
United States,2023-02-01,78.8,201.8,290.0
United States,2023-03-01,78.9,199.5,68.0
United States,2023-04-01,78.9,196.9,241.0
United States,2023-05-01,79.0,194.0,280.0
United States,2023-06-01,79.1,190.8,225.0
United States,2023-07-01,79.2,187.4,163.0
United States,2023-08-01,79.3,183.8,218.0
United States,2023-09-01,79.4,179.9,156.0
United States,2023-10-01,79.5,175.8,159.0
United States,2023-11-01,79.6,171.6,127.0
United States,2023-12-01,79.6,167.1,154.0
United States,2024-01-01,79.7,162.5,175.0
United States,2024-02-01,79.8,157.7,206.0
United States,2024-03-01,79.9,152.8,228.0
United States,2024-04-01,80.0,147.8,64.0
United States,2024-05-01,80.1,142.7,78.0
United States,2024-06-01,80.2,137.5,87.0
United States,2024-07-01,80.3,132.3,53.0
United States,2024-08-01,80.4,127.0,9.0
United States,2024-09-01,80.5,121.8,155.0
United States,2024-10-01,80.5,116.5,33.0
United States,2024-11-01,80.6,111.3,134.0
United States,2024-12-01,80.7,106.1,237.0
United States,2025-01-01,80.8,101.0,-48.0
United States,2025-02-01,80.9,95.9,42.0
United States,2025-03-01,81.0,91.0,67.0
United States,2025-04-01,81.1,86.2,108.0
United States,2025-05-01,81.2,81.5,13.0
United States,2025-06-01,81.3,77.0,-20.0
United States,2025-07-01,81.4,72.7,64.0
United States,2025-08-01,81.5,68.5,-70.0
United States,2025-09-01,81.6,64.6,76.0
United States,2025-10-01,81.7,60.8,-140.0
United States,2025-11-01,81.7,57.3,41.0
United States,2025-12-01,81.8,54.0,-17.0
United States,2026-01-01,81.9,50.9,160.0
United States,2026-02-01,82.0,48.1,-156.0
United States,2026-03-01,82.1,45.6,214.0
United States,2026-04-01,82.2,43.3,148.0
United States,2026-05-01,82.3,41.2,63.0
United States,2026-06-01,82.4,39.5,31.0
United States,2026-07-01,82.5,38.0,-10.0
United States,2026-08-01,82.6,36.7,133.0
United States,2026-09-01,82.7,35.7,29.0
Canada,2022-01-01,21.7,40.6,-13.0
Canada,2022-02-01,21.7,41.0,129.0
Canada,2022-03-01,21.7,41.4,134.0
Canada,2022-04-01,21.7,41.8,122.0
Canada,2022-05-01,21.8,42.1,-8.0
Canada,2022-06-01,21.8,42.4,125.0
Canada,2022-07-01,21.8,42.7,27.0
Canada,2022-08-01,21.8,42.9,9.0
Canada,2022-09-01,21.8,43.1,82.0
Canada,2022-10-01,21.8,43.3,19.0
Canada,2022-11-01,21.8,43.4,71.0
Canada,2022-12-01,21.9,43.4,67.0
Canada,2023-01-01,21.9,43.5,32.0
Canada,2023-02-01,21.9,43.4,62.0
Canada,2023-03-01,21.9,43.4,7.0
Canada,2023-04-01,21.9,43.3,-79.0
Canada,2023-05-01,21.9,43.1,134.0
Canada,2023-06-01,21.9,42.9,60.0
Canada,2023-07-01,21.9,42.7,-6.0
Canada,2023-08-01,22.0,42.4,-8.0
Canada,2023-09-01,22.0,42.1,52.0
Canada,2023-10-01,22.0,41.8,-6.0
Canada,2023-11-01,22.0,41.4,-64.0
Canada,2023-12-01,22.0,40.9,51.0
Canada,2024-01-01,22.0,40.5,18.0
Canada,2024-02-01,22.0,40.0,37.0
Canada,2024-03-01,22.0,39.5,50.0
Canada,2024-04-01,22.0,38.9,3.0
Canada,2024-05-01,22.1,38.3,28.0
Canada,2024-06-01,22.1,37.7,-28.0
Canada,2024-07-01,22.1,37.1,16.0
Canada,2024-08-01,22.1,36.5,34.0
Canada,2024-09-01,22.1,35.8,-14.0
Canada,2024-10-01,22.1,35.1,-8.0
Canada,2024-11-01,22.1,34.5,4.0
Canada,2024-12-01,22.1,33.8,57.0
Canada,2025-01-01,22.1,33.1,4.0
Canada,2025-02-01,22.1,32.4,-26.0
Canada,2025-03-01,22.1,31.7,-36.0
Canada,2025-04-01,22.1,31.0,5.0
Canada,2025-05-01,22.2,30.3,27.0
Canada,2025-06-01,22.2,29.7,-17.0
Canada,2025-07-01,22.2,29.0,25.0
Canada,2025-08-01,22.2,28.4,23.0
Canada,2025-09-01,22.2,27.8,-27.0
Canada,2025-10-01,22.2,27.2,22.0
Canada,2025-11-01,22.2,26.6,2.0
Canada,2025-12-01,22.2,26.0,-11.0
Canada,2026-01-01,22.2,25.5,44.0
Canada,2026-02-01,22.2,25.0,-38.0
Canada,2026-03-01,22.2,24.5,6.0
Canada,2026-04-01,22.2,24.1,59.0
Canada,2026-05-01,22.2,23.7,24.0
Canada,2026-06-01,22.2,23.3,
Canada,2026-07-01,22.2,23.0,
