# Job Switching by Age, Indexed to Each Group's 2015-2019 Average
# Nicolas Petrosky-Nadeau, September 2026
#
# Monthly data, January 2012 to June 2026. Each series is an age group's rate of
#   moving directly from one employer to another (an employer-to-employer, or
#   job-to-job, transition), expressed as an index with that group's own
#   2015-2019 average set to 100.
#
#   Levels are not comparable across groups, which is why each group is indexed
#   to itself. The 2015-2019 average monthly transition rate is 4.84% of
#   employment for ages 16-24, 2.14% for ages 25-54, and 1.63% for ages 55 and
#   older. Multiply an index value by the group's base rate and divide by 100 to
#   recover the rate in percent of employment.
#
#   idx_16_24, idx_25_54, idx_55_plus: the indexed rates (2015-2019 = 100).
#   window: "full" where the 12-month moving average is computed on a complete
#     window; "tapered" from April 2025 on, where the window is clipped (about
#     6.5 effective months at June 2026) and computed on seasonally adjusted
#     data, since a shortened window does not cancel a monthly seasonal.
#     October and November 2025 were not collected by the Current Population
#     Survey and fall inside the tapered stretch. Tapered values can revise as
#     further months are added.
#
#   Source: Fujita, Moscarini and Postel-Vinay (2024), "Measuring
#   Employer-to-Employer Reallocation," American Economic Journal:
#   Macroeconomics 16(3), 1-51, replication package applied to matched Current
#   Population Survey microdata (Bureau of Labor Statistics), with author's
#   calculations.
#
date,idx_16_24,idx_25_54,idx_55_plus,window
2012-01,96.91,95.45,98.03,full
2012-02,98.27,95.67,98.15,full
2012-03,98.85,95.24,98.47,full
2012-04,98.01,94.87,98.21,full
2012-05,97.46,94.75,98.09,full
2012-06,97.39,94.62,99.30,full
2012-07,96.91,94.44,98.97,full
2012-08,96.84,93.89,97.98,full
2012-09,97.50,93.69,98.71,full
2012-10,97.48,93.56,99.48,full
2012-11,97.41,93.87,101.13,full
2012-12,97.59,93.89,101.70,full
2013-01,97.35,93.22,101.70,full
2013-02,97.11,93.11,101.55,full
2013-03,96.59,93.38,100.82,full
2013-04,96.70,93.51,100.25,full
2013-05,97.04,93.77,99.43,full
2013-06,97.09,93.53,98.05,full
2013-07,97.77,93.94,98.15,full
2013-08,97.69,94.93,98.16,full
2013-09,96.74,94.92,96.51,full
2013-10,96.25,95.14,95.66,full
2013-11,96.33,95.53,94.69,full
2013-12,96.48,95.36,95.50,full
2014-01,96.81,95.66,96.79,full
2014-02,96.71,96.47,96.82,full
2014-03,97.15,97.36,96.72,full
2014-04,97.82,98.42,97.17,full
2014-05,98.27,99.07,97.96,full
2014-06,98.86,99.75,97.78,full
2014-07,99.13,99.57,97.86,full
2014-08,99.49,98.92,99.20,full
2014-09,99.91,99.38,101.73,full
2014-10,100.82,100.36,103.96,full
2014-11,101.43,100.96,104.82,full
2014-12,101.84,101.58,104.30,full
2015-01,102.84,102.90,103.39,full
2015-02,102.97,103.25,103.64,full
2015-03,102.34,102.81,104.19,full
2015-04,102.77,103.03,104.98,full
2015-05,103.28,103.32,105.80,full
2015-06,103.63,103.36,107.10,full
2015-07,104.01,103.69,107.57,full
2015-08,103.91,104.06,106.30,full
2015-09,103.49,103.85,104.46,full
2015-10,103.00,103.24,102.38,full
2015-11,102.57,102.48,101.33,full
2015-12,102.36,102.22,100.86,full
2016-01,102.02,101.68,100.66,full
2016-02,101.90,100.94,100.09,full
2016-03,102.66,101.66,99.79,full
2016-04,102.36,101.90,99.20,full
2016-05,101.52,101.42,97.45,full
2016-06,101.38,101.56,96.07,full
2016-07,100.73,101.37,95.30,full
2016-08,100.58,101.05,95.99,full
2016-09,100.97,101.56,97.60,full
2016-10,100.67,101.95,98.27,full
2016-11,100.70,102.46,98.53,full
2016-12,100.73,102.73,98.75,full
2017-01,100.49,102.11,98.97,full
2017-02,99.92,101.96,98.60,full
2017-03,99.65,101.77,98.18,full
2017-04,99.77,101.47,98.37,full
2017-05,99.77,101.20,98.54,full
2017-06,99.48,100.53,98.57,full
2017-07,99.69,100.09,98.89,full
2017-08,100.64,100.07,99.08,full
2017-09,101.34,99.35,98.20,full
2017-10,101.42,98.35,98.11,full
2017-11,100.73,97.24,98.74,full
2017-12,100.04,96.58,98.91,full
2018-01,99.70,96.86,98.22,full
2018-02,100.93,97.63,97.87,full
2018-03,100.79,97.23,96.72,full
2018-04,98.88,96.18,94.64,full
2018-05,97.89,96.11,94.19,full
2018-06,98.01,96.28,95.02,full
2018-07,97.73,96.81,96.30,full
2018-08,97.33,97.34,96.70,full
2018-09,97.63,97.81,97.41,full
2018-10,97.39,98.00,98.23,full
2018-11,97.41,98.56,98.76,full
2018-12,96.48,98.58,99.19,full
2019-01,94.92,98.42,99.61,full
2019-02,94.10,98.61,100.38,full
2019-03,93.90,98.35,100.94,full
2019-04,94.84,98.29,101.68,full
2019-05,96.18,98.20,102.20,full
2019-06,96.89,98.30,102.23,full
2019-07,97.82,98.50,102.26,full
2019-08,97.48,98.32,102.73,full
2019-09,95.76,98.16,102.66,full
2019-10,96.55,98.25,103.17,full
2019-11,97.81,97.26,102.72,full
2019-12,97.48,95.59,101.43,full
2020-01,97.37,93.83,100.19,full
2020-02,97.09,92.07,99.04,full
2020-03,96.67,91.19,98.56,full
2020-04,96.96,91.41,98.78,full
2020-05,97.31,92.08,100.01,full
2020-06,96.80,92.39,99.86,full
2020-07,95.83,91.98,97.70,full
2020-08,95.46,91.70,95.46,full
2020-09,96.39,91.83,94.55,full
2020-10,97.24,92.47,93.44,full
2020-11,97.79,93.48,92.39,full
2020-12,99.44,94.47,92.09,full
2021-01,102.02,96.20,93.34,full
2021-02,103.63,97.43,94.31,full
2021-03,105.22,99.04,95.69,full
2021-04,106.12,100.35,97.15,full
2021-05,105.74,100.30,96.72,full
2021-06,106.05,100.48,97.41,full
2021-07,106.58,101.53,99.29,full
2021-08,108.07,102.60,100.92,full
2021-09,108.98,103.14,101.40,full
2021-10,107.96,104.22,101.84,full
2021-11,107.00,105.56,103.65,full
2021-12,107.89,106.91,105.27,full
2022-01,107.53,107.08,105.34,full
2022-02,106.41,107.44,105.47,full
2022-03,106.38,108.08,105.65,full
2022-04,106.35,108.02,106.16,full
2022-05,105.83,108.41,107.48,full
2022-06,105.35,108.77,107.28,full
2022-07,105.45,108.03,106.75,full
2022-08,105.04,107.32,107.15,full
2022-09,105.18,106.99,107.90,full
2022-10,105.32,105.41,107.35,full
2022-11,104.64,103.54,106.10,full
2022-12,103.00,102.73,107.42,full
2023-01,101.62,103.24,109.55,full
2023-02,100.64,102.90,109.62,full
2023-03,99.62,101.73,108.51,full
2023-04,98.37,101.06,107.38,full
2023-05,97.05,100.67,106.69,full
2023-06,95.88,100.21,106.70,full
2023-07,94.53,99.75,106.04,full
2023-08,93.67,99.20,105.40,full
2023-09,92.56,98.16,104.83,full
2023-10,91.61,98.04,105.12,full
2023-11,92.03,98.76,106.27,full
2023-12,91.87,98.79,105.38,full
2024-01,90.67,97.65,103.58,full
2024-02,90.68,97.84,104.44,full
2024-03,90.17,98.64,106.56,full
2024-04,90.49,98.77,107.33,full
2024-05,92.27,98.20,106.70,full
2024-06,93.36,97.27,105.99,full
2024-07,93.36,97.18,105.99,full
2024-08,91.97,97.34,105.67,full
2024-09,91.26,98.20,106.56,full
2024-10,91.10,98.74,107.19,full
2024-11,91.02,99.03,106.61,full
2024-12,91.09,99.25,106.17,full
2025-01,91.76,98.88,105.94,full
2025-02,92.68,98.09,105.27,full
2025-03,92.79,97.18,104.05,full
2025-04,92.03,96.72,103.32,tapered
2025-05,91.04,96.80,103.41,tapered
2025-06,89.87,98.10,104.49,tapered
2025-07,90.55,99.30,106.27,tapered
2025-08,92.38,99.34,107.61,tapered
2025-09,92.70,99.16,107.18,tapered
2025-10,94.25,99.98,106.82,tapered
2025-11,94.68,100.65,107.30,tapered
2025-12,93.64,100.84,108.16,tapered
2026-01,93.36,101.81,109.19,tapered
2026-02,92.56,102.84,109.83,tapered
2026-03,92.61,103.67,110.82,tapered
2026-04,93.37,104.20,111.61,tapered
2026-05,93.37,104.20,111.61,tapered
2026-06,94.02,103.66,111.41,tapered
