# Labor force trends and projections — monthly, 1976 to 2035
# Nicolas Petrosky-Nadeau
# Suggested citation: Petrosky-Nadeau, N. (2026). Labor market trends and projections.
#   Method: demographic decomposition of CPS microdata (sex x age cells), trend-filtered
#   and re-aggregated; projection holds group rates fixed and applies Census population
#   projections. See the accompanying methodology note.
# Labor force level in thousands of persons; participation rate in percent.
# Last actual observation: 2026-07; projection end: 2035-05; history/projection join: 2026-02.
# Sources: BLS via FRED (CLF16OV) for the actual labor force level; author's
#   demographic-decomposition trend from BLS CPS microdata; U.S. Census Bureau
#   population projections for the forward path.
# Projection columns repeat the join-month value so the path connects to history;
#   blank cells indicate the series has no value for that month.
date,lf_actual_thousands,lf_trend_thousands,lf_projection_thousands,lfpr_actual_percent,lfpr_trend_percent,lfpr_projection_percent
1976-02-01,94998.0,94984.8,,61.30,62.14,
1976-03-01,95215.0,95174.5,,61.30,62.17,
1976-04-01,95746.0,95365.6,,61.60,62.20,
1976-05-01,95847.0,95557.9,,61.50,62.23,
1976-06-01,95885.0,95751.6,,61.50,62.27,
1976-07-01,96583.0,95946.5,,61.80,62.30,
1976-08-01,96741.0,96142.7,,61.80,62.33,
1976-09-01,96553.0,96340.0,,61.60,62.36,
1976-10-01,96704.0,96538.4,,61.60,62.40,
1976-11-01,97254.0,96738.0,,61.90,62.43,
1976-12-01,97348.0,96938.5,,61.80,62.46,
1977-01-01,97208.0,97140.1,,61.60,62.50,
1977-02-01,97785.0,97342.7,,61.90,62.53,
1977-03-01,98115.0,97546.2,,62.00,62.56,
1977-04-01,98330.0,97750.5,,62.10,62.60,
1977-05-01,98665.0,97955.7,,62.20,62.63,
1977-06-01,99093.0,98161.6,,62.40,62.66,
1977-07-01,98913.0,98368.3,,62.10,62.70,
1977-08-01,99366.0,98575.6,,62.30,62.73,
1977-09-01,99453.0,98783.6,,62.30,62.76,
1977-10-01,99815.0,98992.2,,62.40,62.80,
1977-11-01,100576.0,99201.3,,62.80,62.83,
1977-12-01,100491.0,99410.9,,62.70,62.86,
1978-01-01,100873.0,99620.9,,62.80,62.90,
1978-02-01,100837.0,99831.3,,62.70,62.93,
1978-03-01,101092.0,100042.0,,62.80,62.96,
1978-04-01,101574.0,100253.0,,63.00,62.99,
1978-05-01,101896.0,100464.3,,63.10,63.02,
1978-06-01,102371.0,100675.7,,63.30,63.05,
1978-07-01,102399.0,100887.3,,63.20,63.09,
1978-08-01,102511.0,101099.0,,63.20,63.12,
1978-09-01,102795.0,101310.7,,63.30,63.15,
1978-10-01,103080.0,101522.4,,63.30,63.18,
1978-11-01,103562.0,101734.1,,63.50,63.21,
1978-12-01,103809.0,101945.6,,63.60,63.24,
1979-01-01,104057.0,102157.1,,63.60,63.26,
1979-02-01,104502.0,102368.3,,63.80,63.29,
1979-03-01,104589.0,102579.3,,63.80,63.32,
1979-04-01,104172.0,102790.0,,63.50,63.35,
1979-05-01,104171.0,103000.5,,63.30,63.38,
1979-06-01,104638.0,103210.5,,63.50,63.40,
1979-07-01,105002.0,103420.2,,63.60,63.43,
1979-08-01,105096.0,103629.4,,63.60,63.46,
1979-09-01,105530.0,103838.2,,63.80,63.48,
1979-10-01,105700.0,104046.4,,63.70,63.51,
1979-11-01,105812.0,104254.1,,63.70,63.53,
1979-12-01,106258.0,104461.2,,63.90,63.56,
1980-01-01,106562.0,104667.7,,64.00,63.58,
1980-02-01,106697.0,104873.6,,64.00,63.60,
1980-03-01,106442.0,105078.8,,63.70,63.63,
1980-04-01,106591.0,105283.3,,63.80,63.65,
1980-05-01,106929.0,105487.0,,63.90,63.67,
1980-06-01,106780.0,105690.0,,63.70,63.69,
1980-07-01,107159.0,105892.2,,63.80,63.72,
1980-08-01,107105.0,106093.6,,63.70,63.74,
1980-09-01,107098.0,106294.1,,63.60,63.76,
1980-10-01,107405.0,106493.8,,63.70,63.78,
1980-11-01,107568.0,106692.6,,63.80,63.80,
1980-12-01,107352.0,106890.5,,63.60,63.82,
1981-01-01,108026.0,107087.6,,63.90,63.84,
1981-02-01,108242.0,107283.6,,63.90,63.86,
1981-03-01,108553.0,107478.8,,64.10,63.88,
1981-04-01,108925.0,107673.0,,64.20,63.89,
1981-05-01,109222.0,107866.2,,64.30,63.91,
1981-06-01,108396.0,108058.5,,63.70,63.93,
1981-07-01,108556.0,108249.7,,63.80,63.95,
1981-08-01,108725.0,108440.0,,63.80,63.97,
1981-09-01,108294.0,108629.3,,63.50,63.98,
1981-10-01,109024.0,108817.5,,63.80,64.00,
1981-11-01,109236.0,109004.8,,63.90,64.02,
1981-12-01,108912.0,109191.0,,63.60,64.03,
1982-01-01,109089.0,109376.3,,63.70,64.05,
1982-02-01,109467.0,109560.5,,63.80,64.07,
1982-03-01,109567.0,109743.7,,63.80,64.08,
1982-04-01,109820.0,109925.9,,63.90,64.10,
1982-05-01,110451.0,110107.1,,64.20,64.12,
1982-06-01,110081.0,110287.3,,63.90,64.13,
1982-07-01,110342.0,110466.5,,64.00,64.15,
1982-08-01,110514.0,110644.7,,64.10,64.17,
1982-09-01,110721.0,110822.0,,64.10,64.18,
1982-10-01,110744.0,110998.2,,64.10,64.20,
1982-11-01,111050.0,111173.5,,64.20,64.21,
1982-12-01,111083.0,111347.8,,64.10,64.23,
1983-01-01,110695.0,111521.2,,63.90,64.25,
1983-02-01,110634.0,111693.7,,63.80,64.26,
1983-03-01,110587.0,111865.2,,63.70,64.28,
1983-04-01,110828.0,112035.9,,63.80,64.30,
1983-05-01,110796.0,112205.6,,63.70,64.31,
1983-06-01,111879.0,112374.5,,64.30,64.33,
1983-07-01,111756.0,112542.5,,64.10,64.35,
1983-08-01,112231.0,112709.6,,64.30,64.36,
1983-09-01,112298.0,112875.9,,64.30,64.38,
1983-10-01,111926.0,113041.4,,64.00,64.40,
1983-11-01,112228.0,113206.1,,64.10,64.41,
1983-12-01,112327.0,113370.1,,64.10,64.43,
1984-01-01,112209.0,113533.2,,63.90,64.45,
1984-02-01,112615.0,113695.6,,64.10,64.47,
1984-03-01,112713.0,113857.3,,64.10,64.49,
1984-04-01,113098.0,114018.3,,64.30,64.50,
1984-05-01,113649.0,114178.5,,64.50,64.52,
1984-06-01,113817.0,114338.1,,64.60,64.54,
1984-07-01,113972.0,114497.1,,64.60,64.56,
1984-08-01,113682.0,114655.4,,64.40,64.58,
1984-09-01,113857.0,114813.1,,64.40,64.60,
1984-10-01,114019.0,114970.1,,64.40,64.62,
1984-11-01,114170.0,115126.6,,64.50,64.64,
1984-12-01,114581.0,115282.6,,64.60,64.66,
1985-01-01,114725.0,115438.0,,64.70,64.68,
1985-02-01,114876.0,115592.8,,64.70,64.70,
1985-03-01,115328.0,115747.2,,64.90,64.72,
1985-04-01,115331.0,115901.0,,64.90,64.74,
1985-05-01,115234.0,116054.4,,64.80,64.76,
1985-06-01,114965.0,116207.3,,64.60,64.78,
1985-07-01,115320.0,116359.8,,64.70,64.81,
1985-08-01,115291.0,116511.8,,64.60,64.83,
1985-09-01,115905.0,116663.5,,64.90,64.85,
1985-10-01,116145.0,116814.7,,65.00,64.87,
1985-11-01,116135.0,116965.6,,64.90,64.90,
1985-12-01,116354.0,117116.1,,65.00,64.92,
1986-01-01,116682.0,117266.2,,64.90,64.94,
1986-02-01,116882.0,117416.0,,65.00,64.97,
1986-03-01,117220.0,117565.5,,65.10,64.99,
1986-04-01,117316.0,117714.7,,65.10,65.01,
1986-05-01,117528.0,117863.5,,65.20,65.04,
1986-06-01,118084.0,118012.1,,65.40,65.06,
1986-07-01,118129.0,118160.4,,65.40,65.08,
1986-08-01,118150.0,118308.5,,65.30,65.11,
1986-09-01,118395.0,118456.3,,65.40,65.13,
1986-10-01,118516.0,118603.8,,65.40,65.16,
1986-11-01,118634.0,118751.1,,65.40,65.18,
1986-12-01,118611.0,118898.2,,65.30,65.21,
1987-01-01,118845.0,119045.0,,65.40,65.23,
1987-02-01,119122.0,119191.6,,65.50,65.26,
1987-03-01,119270.0,119338.1,,65.50,65.28,
1987-04-01,119336.0,119484.3,,65.40,65.31,
1987-05-01,120008.0,119630.3,,65.70,65.33,
1987-06-01,119644.0,119776.2,,65.50,65.35,
1987-07-01,119902.0,119921.8,,65.60,65.38,
1987-08-01,120318.0,120067.3,,65.70,65.40,
1987-09-01,120011.0,120212.6,,65.50,65.43,
1987-10-01,120509.0,120357.8,,65.70,65.45,
1987-11-01,120540.0,120502.7,,65.70,65.48,
1987-12-01,120729.0,120647.5,,65.70,65.50,
1988-01-01,120969.0,120792.2,,65.80,65.53,
1988-02-01,121156.0,120936.6,,65.90,65.55,
1988-03-01,120913.0,121080.9,,65.70,65.58,
1988-04-01,121251.0,121225.1,,65.80,65.60,
1988-05-01,121071.0,121369.1,,65.70,65.63,
1988-06-01,121473.0,121512.9,,65.80,65.65,
1988-07-01,121665.0,121656.5,,65.90,65.67,
1988-08-01,122125.0,121800.0,,66.10,65.70,
1988-09-01,121960.0,121943.3,,65.90,65.72,
1988-10-01,122206.0,122086.5,,66.00,65.74,
1988-11-01,122637.0,122229.5,,66.20,65.77,
1988-12-01,122622.0,122372.3,,66.10,65.79,
1989-01-01,123390.0,122514.9,,66.50,65.81,
1989-02-01,123135.0,122657.4,,66.30,65.84,
1989-03-01,123227.0,122799.7,,66.30,65.86,
1989-04-01,123565.0,122941.8,,66.40,65.88,
1989-05-01,123474.0,123083.7,,66.30,65.90,
1989-06-01,123995.0,123225.4,,66.50,65.92,
1989-07-01,123967.0,123366.9,,66.50,65.95,
1989-08-01,124166.0,123508.2,,66.50,65.97,
1989-09-01,123944.0,123649.3,,66.40,65.99,
1989-10-01,124211.0,123790.3,,66.50,66.01,
1989-11-01,124637.0,123931.0,,66.60,66.03,
1989-12-01,124497.0,124071.5,,66.50,66.05,
1990-01-01,125833.0,124211.7,,66.80,66.07,
1990-02-01,125710.0,124351.8,,66.70,66.09,
1990-03-01,125801.0,124491.6,,66.70,66.11,
1990-04-01,125649.0,124631.2,,66.60,66.13,
1990-05-01,125893.0,124770.5,,66.60,66.15,
1990-06-01,125573.0,124909.7,,66.40,66.16,
1990-07-01,125732.0,125048.5,,66.50,66.18,
1990-08-01,125990.0,125187.2,,66.50,66.20,
1990-09-01,125892.0,125325.5,,66.40,66.22,
1990-10-01,125995.0,125463.7,,66.40,66.23,
1990-11-01,126070.0,125601.5,,66.40,66.25,
1990-12-01,126142.0,125739.1,,66.40,66.27,
1991-01-01,125955.0,125876.5,,66.20,66.28,
1991-02-01,126020.0,126013.6,,66.20,66.30,
1991-03-01,126238.0,126150.4,,66.30,66.32,
1991-04-01,126548.0,126286.9,,66.40,66.33,
1991-05-01,126176.0,126423.2,,66.20,66.35,
1991-06-01,126331.0,126559.2,,66.20,66.36,
1991-07-01,126154.0,126694.9,,66.10,66.38,
1991-08-01,126150.0,126830.4,,66.00,66.39,
1991-09-01,126650.0,126965.6,,66.20,66.41,
1991-10-01,126642.0,127100.5,,66.10,66.42,
1991-11-01,126701.0,127235.1,,66.10,66.44,
1991-12-01,126664.0,127369.5,,66.00,66.45,
1992-01-01,127261.0,127503.5,,66.30,66.46,
1992-02-01,127207.0,127637.3,,66.20,66.48,
1992-03-01,127604.0,127770.9,,66.40,66.49,
1992-04-01,127841.0,127904.1,,66.50,66.50,
1992-05-01,128119.0,128037.1,,66.60,66.51,
1992-06-01,128459.0,128169.9,,66.70,66.53,
1992-07-01,128563.0,128302.3,,66.70,66.54,
1992-08-01,128613.0,128434.6,,66.60,66.55,
1992-09-01,128501.0,128566.5,,66.50,66.56,
1992-10-01,128026.0,128698.2,,66.20,66.57,
1992-11-01,128441.0,128829.7,,66.30,66.59,
1992-12-01,128554.0,128961.0,,66.30,66.60,
1993-01-01,128400.0,129092.0,,66.20,66.61,
1993-02-01,128458.0,129222.7,,66.20,66.62,
1993-03-01,128598.0,129353.3,,66.20,66.63,
1993-04-01,128584.0,129483.7,,66.10,66.64,
1993-05-01,129264.0,129613.8,,66.40,66.65,
1993-06-01,129411.0,129743.8,,66.50,66.66,
1993-07-01,129397.0,129873.5,,66.40,66.67,
1993-08-01,129619.0,130003.1,,66.40,66.68,
1993-09-01,129268.0,130132.5,,66.20,66.69,
1993-10-01,129573.0,130261.8,,66.30,66.70,
1993-11-01,129711.0,130390.9,,66.30,66.71,
1993-12-01,129941.0,130519.8,,66.40,66.72,
1994-01-01,130596.0,130648.7,,66.60,66.73,
1994-02-01,130669.0,130777.4,,66.60,66.74,
1994-03-01,130400.0,130906.0,,66.50,66.75,
1994-04-01,130621.0,131034.6,,66.50,66.76,
1994-05-01,130779.0,131163.0,,66.60,66.77,
1994-06-01,130561.0,131291.4,,66.40,66.78,
1994-07-01,130652.0,131419.7,,66.40,66.78,
1994-08-01,131275.0,131548.0,,66.60,66.79,
1994-09-01,131421.0,131676.3,,66.60,66.80,
1994-10-01,131744.0,131804.5,,66.70,66.81,
1994-11-01,131891.0,131932.8,,66.70,66.82,
1994-12-01,131951.0,132061.0,,66.70,66.83,
1995-01-01,132038.0,132189.3,,66.80,66.83,
1995-02-01,132115.0,132317.7,,66.80,66.84,
1995-03-01,132108.0,132446.1,,66.70,66.85,
1995-04-01,132590.0,132574.6,,66.90,66.86,
1995-05-01,131851.0,132703.2,,66.50,66.86,
1995-06-01,131949.0,132831.8,,66.50,66.87,
1995-07-01,132343.0,132960.6,,66.60,66.88,
1995-08-01,132336.0,133089.6,,66.60,66.88,
1995-09-01,132611.0,133218.7,,66.60,66.89,
1995-10-01,132716.0,133348.0,,66.60,66.90,
1995-11-01,132614.0,133477.5,,66.50,66.90,
1995-12-01,132511.0,133607.2,,66.40,66.91,
1996-01-01,132616.0,133737.1,,66.40,66.92,
1996-02-01,132952.0,133867.2,,66.60,66.92,
1996-03-01,133180.0,133997.6,,66.60,66.93,
1996-04-01,133409.0,134128.3,,66.70,66.93,
1996-05-01,133667.0,134259.2,,66.70,66.94,
1996-06-01,133697.0,134390.5,,66.70,66.94,
1996-07-01,134284.0,134522.1,,66.90,66.95,
1996-08-01,134054.0,134654.0,,66.70,66.95,
1996-09-01,134515.0,134786.2,,66.90,66.96,
1996-10-01,134921.0,134918.9,,67.00,66.96,
1996-11-01,135007.0,135051.9,,67.00,66.96,
1996-12-01,135113.0,135185.3,,67.00,66.97,
1997-01-01,135456.0,135319.1,,67.00,66.97,
1997-02-01,135400.0,135453.4,,66.90,66.98,
1997-03-01,135891.0,135588.0,,67.10,66.98,
1997-04-01,136016.0,135723.2,,67.10,66.98,
1997-05-01,136119.0,135858.8,,67.10,66.98,
1997-06-01,136211.0,135994.8,,67.10,66.99,
1997-07-01,136477.0,136131.4,,67.20,66.99,
1997-08-01,136618.0,136268.5,,67.20,66.99,
1997-09-01,136675.0,136406.0,,67.10,66.99,
1997-10-01,136633.0,136544.1,,67.10,66.99,
1997-11-01,136961.0,136682.7,,67.20,66.99,
1997-12-01,137155.0,136821.9,,67.20,66.99,
1998-01-01,137095.0,136961.6,,67.10,66.99,
1998-02-01,137112.0,137101.8,,67.10,66.99,
1998-03-01,137236.0,137242.7,,67.10,66.99,
1998-04-01,137150.0,137384.1,,67.00,66.99,
1998-05-01,137372.0,137526.0,,67.00,66.99,
1998-06-01,137455.0,137668.6,,67.00,66.99,
1998-07-01,137588.0,137811.7,,67.00,66.99,
1998-08-01,137570.0,137955.4,,67.00,66.99,
1998-09-01,138286.0,138099.7,,67.20,66.98,
1998-10-01,138279.0,138244.6,,67.20,66.98,
1998-11-01,138381.0,138390.0,,67.10,66.98,
1998-12-01,138634.0,138536.1,,67.20,66.98,
1999-01-01,139003.0,138682.7,,67.20,66.97,
1999-02-01,138967.0,138830.0,,67.20,66.97,
1999-03-01,138730.0,138977.8,,67.00,66.97,
1999-04-01,138959.0,139126.2,,67.10,66.96,
1999-05-01,139107.0,139275.1,,67.10,66.96,
1999-06-01,139329.0,139424.6,,67.10,66.95,
1999-07-01,139439.0,139574.7,,67.10,66.95,
1999-08-01,139430.0,139725.3,,67.00,66.94,
1999-09-01,139622.0,139876.5,,67.00,66.94,
1999-10-01,139771.0,140028.1,,67.00,66.93,
1999-11-01,140025.0,140180.3,,67.10,66.92,
1999-12-01,140177.0,140333.0,,67.10,66.92,
2000-01-01,142267.0,140486.2,,67.30,66.91,
2000-02-01,142456.0,140639.8,,67.30,66.90,
2000-03-01,142434.0,140793.9,,67.30,66.90,
2000-04-01,142751.0,140948.5,,67.30,66.89,
2000-05-01,142388.0,141103.4,,67.10,66.88,
2000-06-01,142591.0,141258.8,,67.10,66.87,
2000-07-01,142278.0,141414.5,,66.90,66.87,
2000-08-01,142514.0,141570.6,,66.90,66.86,
2000-09-01,142518.0,141727.0,,66.90,66.85,
2000-10-01,142622.0,141883.7,,66.80,66.84,
2000-11-01,142962.0,142040.7,,66.90,66.83,
2000-12-01,143248.0,142198.0,,67.00,66.82,
2001-01-01,143800.0,142355.5,,67.20,66.81,
2001-02-01,143701.0,142513.2,,67.10,66.80,
2001-03-01,143924.0,142671.0,,67.20,66.79,
2001-04-01,143569.0,142829.0,,66.90,66.79,
2001-05-01,143318.0,142987.1,,66.70,66.78,
2001-06-01,143357.0,143145.3,,66.70,66.77,
2001-07-01,143654.0,143303.5,,66.80,66.76,
2001-08-01,143284.0,143461.7,,66.50,66.75,
2001-09-01,143989.0,143619.9,,66.80,66.73,
2001-10-01,144086.0,143778.0,,66.70,66.72,
2001-11-01,144240.0,143936.1,,66.70,66.71,
2001-12-01,144305.0,144094.0,,66.70,66.70,
2002-01-01,143883.0,144251.7,,66.50,66.69,
2002-02-01,144653.0,144409.2,,66.80,66.68,
2002-03-01,144481.0,144566.4,,66.60,66.67,
2002-04-01,144725.0,144723.4,,66.70,66.66,
2002-05-01,144938.0,144880.0,,66.70,66.65,
2002-06-01,144808.0,145036.2,,66.60,66.64,
2002-07-01,144803.0,145192.0,,66.50,66.63,
2002-08-01,145009.0,145347.3,,66.60,66.62,
2002-09-01,145552.0,145502.2,,66.70,66.60,
2002-10-01,145314.0,145656.5,,66.60,66.59,
2002-11-01,145041.0,145810.2,,66.40,66.58,
2002-12-01,145066.0,145963.2,,66.30,66.57,
2003-01-01,145937.0,146115.6,,66.40,66.56,
2003-02-01,146100.0,146267.3,,66.40,66.55,
2003-03-01,146022.0,146418.2,,66.30,66.54,
2003-04-01,146474.0,146568.3,,66.40,66.53,
2003-05-01,146500.0,146717.5,,66.40,66.52,
2003-06-01,147056.0,146865.9,,66.50,66.50,
2003-07-01,146485.0,147013.3,,66.20,66.49,
2003-08-01,146445.0,147159.7,,66.10,66.48,
2003-09-01,146530.0,147305.1,,66.10,66.47,
2003-10-01,146716.0,147449.4,,66.10,66.46,
2003-11-01,147000.0,147592.6,,66.10,66.45,
2003-12-01,146729.0,147734.7,,65.90,66.44,
2004-01-01,146842.0,147875.6,,66.10,66.43,
2004-02-01,146709.0,148015.2,,66.00,66.41,
2004-03-01,146944.0,148153.6,,66.00,66.40,
2004-04-01,146850.0,148290.6,,65.90,66.39,
2004-05-01,147065.0,148426.4,,66.00,66.38,
2004-06-01,147460.0,148560.7,,66.10,66.37,
2004-07-01,147692.0,148693.6,,66.10,66.36,
2004-08-01,147564.0,148825.1,,66.00,66.35,
2004-09-01,147415.0,148955.0,,65.80,66.34,
2004-10-01,147793.0,149083.5,,65.90,66.32,
2004-11-01,148162.0,149210.4,,66.00,66.31,
2004-12-01,148059.0,149335.7,,65.90,66.30,
2005-01-01,148029.0,149459.4,,65.80,66.29,
2005-02-01,148364.0,149581.4,,65.90,66.28,
2005-03-01,148391.0,149701.8,,65.90,66.26,
2005-04-01,148926.0,149820.5,,66.10,66.25,
2005-05-01,149261.0,149937.4,,66.10,66.24,
2005-06-01,149238.0,150052.7,,66.10,66.23,
2005-07-01,149432.0,150166.2,,66.10,66.22,
2005-08-01,149779.0,150277.9,,66.20,66.20,
2005-09-01,149954.0,150387.8,,66.10,66.19,
2005-10-01,150001.0,150495.9,,66.10,66.18,
2005-11-01,150065.0,150602.1,,66.00,66.16,
2005-12-01,150030.0,150706.6,,66.00,66.15,
2006-01-01,150214.0,150809.2,,66.00,66.14,
2006-02-01,150641.0,150909.9,,66.10,66.12,
2006-03-01,150813.0,151008.8,,66.20,66.11,
2006-04-01,150881.0,151105.8,,66.10,66.10,
2006-05-01,151069.0,151201.0,,66.10,66.08,
2006-06-01,151354.0,151294.2,,66.20,66.07,
2006-07-01,151377.0,151385.7,,66.10,66.05,
2006-08-01,151716.0,151475.2,,66.20,66.03,
2006-09-01,151662.0,151562.9,,66.10,66.02,
2006-10-01,152041.0,151648.8,,66.20,66.00,
2006-11-01,152406.0,151732.8,,66.30,65.99,
2006-12-01,152732.0,151815.0,,66.40,65.97,
2007-01-01,153144.0,151895.3,,66.40,65.95,
2007-02-01,152983.0,151973.9,,66.30,65.93,
2007-03-01,153051.0,152050.7,,66.20,65.92,
2007-04-01,152435.0,152125.7,,65.90,65.90,
2007-05-01,152670.0,152199.0,,66.00,65.88,
2007-06-01,153041.0,152270.5,,66.00,65.86,
2007-07-01,153054.0,152340.4,,66.00,65.84,
2007-08-01,152749.0,152408.6,,65.80,65.82,
2007-09-01,153414.0,152475.1,,66.00,65.80,
2007-10-01,153183.0,152540.1,,65.80,65.77,
2007-11-01,153835.0,152603.4,,66.00,65.75,
2007-12-01,153918.0,152665.3,,66.00,65.73,
2008-01-01,154063.0,152725.6,,66.20,65.71,
2008-02-01,153653.0,152784.4,,66.00,65.68,
2008-03-01,153908.0,152841.8,,66.10,65.66,
2008-04-01,153769.0,152897.8,,65.90,65.63,
2008-05-01,154303.0,152952.4,,66.10,65.61,
2008-06-01,154313.0,153005.8,,66.10,65.58,
2008-07-01,154469.0,153057.9,,66.10,65.56,
2008-08-01,154641.0,153108.7,,66.10,65.53,
2008-09-01,154570.0,153158.4,,66.00,65.50,
2008-10-01,154876.0,153207.0,,66.00,65.47,
2008-11-01,154639.0,153254.5,,65.90,65.44,
2008-12-01,154655.0,153300.9,,65.80,65.42,
2009-01-01,154210.0,153346.4,,65.70,65.39,
2009-02-01,154538.0,153391.0,,65.80,65.36,
2009-03-01,154133.0,153434.7,,65.60,65.32,
2009-04-01,154509.0,153477.6,,65.70,65.29,
2009-05-01,154747.0,153519.7,,65.70,65.26,
2009-06-01,154716.0,153561.1,,65.70,65.23,
2009-07-01,154502.0,153601.9,,65.50,65.20,
2009-08-01,154307.0,153642.0,,65.40,65.16,
2009-09-01,153827.0,153681.7,,65.10,65.13,
2009-10-01,153784.0,153720.8,,65.00,65.09,
2009-11-01,153878.0,153759.6,,65.00,65.06,
2009-12-01,153111.0,153797.9,,64.60,65.02,
2010-01-01,153484.0,153836.0,,64.80,64.99,
2010-02-01,153694.0,153873.8,,64.90,64.95,
2010-03-01,153954.0,153911.4,,64.90,64.91,
2010-04-01,154622.0,153948.8,,65.20,64.88,
2010-05-01,154091.0,153986.2,,64.90,64.84,
2010-06-01,153616.0,154023.5,,64.60,64.80,
2010-07-01,153691.0,154060.9,,64.60,64.76,
2010-08-01,154086.0,154098.3,,64.70,64.73,
2010-09-01,153975.0,154135.9,,64.60,64.69,
2010-10-01,153635.0,154173.6,,64.40,64.65,
2010-11-01,154125.0,154211.6,,64.60,64.61,
2010-12-01,153650.0,154249.9,,64.30,64.57,
2011-01-01,153263.0,154288.5,,64.20,64.53,
2011-02-01,153214.0,154327.5,,64.10,64.49,
2011-03-01,153376.0,154366.9,,64.20,64.45,
2011-04-01,153543.0,154406.9,,64.20,64.41,
2011-05-01,153479.0,154447.3,,64.10,64.37,
2011-06-01,153346.0,154488.3,,64.00,64.33,
2011-07-01,153288.0,154530.0,,64.00,64.29,
2011-08-01,153760.0,154572.3,,64.10,64.25,
2011-09-01,154131.0,154615.3,,64.20,64.21,
2011-10-01,153961.0,154659.0,,64.10,64.17,
2011-11-01,154128.0,154703.5,,64.10,64.13,
2011-12-01,153995.0,154748.8,,64.00,64.09,
2012-01-01,154381.0,154794.9,,63.70,64.05,
2012-02-01,154671.0,154841.9,,63.80,64.01,
2012-03-01,154749.0,154889.8,,63.80,63.97,
2012-04-01,154545.0,154938.7,,63.70,63.93,
2012-05-01,154866.0,154988.5,,63.70,63.89,
2012-06-01,155083.0,155039.2,,63.80,63.85,
2012-07-01,154948.0,155091.0,,63.70,63.81,
2012-08-01,154763.0,155143.8,,63.50,63.77,
2012-09-01,155160.0,155197.7,,63.60,63.74,
2012-10-01,155554.0,155252.6,,63.80,63.70,
2012-11-01,155338.0,155308.5,,63.60,63.66,
2012-12-01,155628.0,155365.6,,63.70,63.62,
2013-01-01,155763.0,155423.7,,63.70,63.59,
2013-02-01,155312.0,155483.0,,63.40,63.55,
2013-03-01,155005.0,155543.3,,63.30,63.52,
2013-04-01,155394.0,155604.8,,63.40,63.48,
2013-05-01,155536.0,155667.4,,63.40,63.45,
2013-06-01,155749.0,155731.1,,63.40,63.41,
2013-07-01,155599.0,155795.9,,63.30,63.38,
2013-08-01,155605.0,155861.9,,63.30,63.35,
2013-09-01,155687.0,155928.9,,63.20,63.31,
2013-10-01,154673.0,155997.0,,62.80,63.28,
2013-11-01,155265.0,156066.3,,63.00,63.25,
2013-12-01,155182.0,156136.6,,62.90,63.22,
2014-01-01,155352.0,156208.0,,62.90,63.19,
2014-02-01,155483.0,156280.4,,62.90,63.16,
2014-03-01,156028.0,156353.9,,63.10,63.13,
2014-04-01,155369.0,156428.4,,62.80,63.11,
2014-05-01,155684.0,156503.9,,62.90,63.08,
2014-06-01,155707.0,156580.4,,62.80,63.05,
2014-07-01,156007.0,156657.9,,62.90,63.03,
2014-08-01,156130.0,156736.3,,62.90,63.00,
2014-09-01,156040.0,156815.6,,62.80,62.98,
2014-10-01,156417.0,156895.8,,62.90,62.96,
2014-11-01,156494.0,156976.9,,62.90,62.93,
2014-12-01,156332.0,157058.8,,62.80,62.91,
2015-01-01,157030.0,157141.5,,62.90,62.89,
2015-02-01,156644.0,157225.0,,62.70,62.87,
2015-03-01,156643.0,157309.2,,62.60,62.85,
2015-04-01,157060.0,157394.2,,62.80,62.83,
2015-05-01,157651.0,157479.9,,62.90,62.82,
2015-06-01,157062.0,157566.2,,62.70,62.80,
2015-07-01,156997.0,157653.1,,62.60,62.78,
2015-08-01,157172.0,157740.6,,62.60,62.77,
2015-09-01,156733.0,157828.7,,62.40,62.75,
2015-10-01,157167.0,157917.3,,62.50,62.74,
2015-11-01,157463.0,158006.4,,62.50,62.73,
2015-12-01,158035.0,158095.9,,62.70,62.71,
2016-01-01,158280.0,158185.9,,62.70,62.70,
2016-02-01,158640.0,158276.2,,62.80,62.69,
2016-03-01,159179.0,158366.9,,63.00,62.68,
2016-04-01,159141.0,158457.9,,62.90,62.67,
2016-05-01,158784.0,158549.2,,62.70,62.66,
2016-06-01,158967.0,158640.8,,62.70,62.65,
2016-07-01,159194.0,158732.5,,62.80,62.65,
2016-08-01,159562.0,158824.5,,62.90,62.64,
2016-09-01,159714.0,158916.6,,62.90,62.63,
2016-10-01,159605.0,159008.8,,62.80,62.63,
2016-11-01,159506.0,159101.2,,62.70,62.62,
2016-12-01,159678.0,159193.6,,62.70,62.62,
2017-01-01,159620.0,159286.0,,62.80,62.61,
2017-02-01,159859.0,159378.4,,62.90,62.61,
2017-03-01,160137.0,159470.9,,62.90,62.60,
2017-04-01,160345.0,159563.3,,63.00,62.60,
2017-05-01,160068.0,159655.6,,62.80,62.60,
2017-06-01,160192.0,159747.8,,62.80,62.60,
2017-07-01,160462.0,159840.0,,62.90,62.59,
2017-08-01,160586.0,159932.0,,62.90,62.59,
2017-09-01,161140.0,160023.8,,63.10,62.59,
2017-10-01,160309.0,160115.5,,62.70,62.59,
2017-11-01,160579.0,160207.0,,62.70,62.59,
2017-12-01,160535.0,160298.4,,62.70,62.59,
2018-01-01,160914.0,160389.5,,62.70,62.59,
2018-02-01,161778.0,160480.4,,63.00,62.59,
2018-03-01,161686.0,160571.0,,62.90,62.59,
2018-04-01,161771.0,160661.5,,62.90,62.59,
2018-05-01,161848.0,160751.7,,62.90,62.59,
2018-06-01,162210.0,160841.6,,63.00,62.59,
2018-07-01,162341.0,160931.3,,63.00,62.59,
2018-08-01,161660.0,161020.8,,62.60,62.59,
2018-09-01,162087.0,161110.0,,62.80,62.59,
2018-10-01,162602.0,161198.9,,62.90,62.60,
2018-11-01,162836.0,161287.6,,62.90,62.60,
2018-12-01,163206.0,161376.1,,63.00,62.60,
2019-01-01,162963.0,161464.3,,63.10,62.60,
2019-02-01,162999.0,161552.3,,63.10,62.60,
2019-03-01,162904.0,161640.1,,63.00,62.60,
2019-04-01,162586.0,161727.7,,62.80,62.60,
2019-05-01,162751.0,161815.0,,62.90,62.60,
2019-06-01,163168.0,161902.3,,63.00,62.60,
2019-07-01,163590.0,161989.3,,63.10,62.61,
2019-08-01,163774.0,162076.2,,63.10,62.61,
2019-09-01,164092.0,162163.0,,63.20,62.61,
2019-10-01,164416.0,162249.6,,63.30,62.61,
2019-11-01,164496.0,162336.2,,63.30,62.61,
2019-12-01,164699.0,162422.7,,63.30,62.61,
2020-01-01,164377.0,162509.2,,63.30,62.61,
2020-02-01,164467.0,162595.6,,63.30,62.61,
2020-03-01,162559.0,162682.1,,62.60,62.60,
2020-04-01,156269.0,162768.6,,60.10,62.60,
2020-05-01,158101.0,162855.1,,60.80,62.60,
2020-06-01,159994.0,162941.8,,61.50,62.60,
2020-07-01,160132.0,163028.5,,61.50,62.60,
2020-08-01,160706.0,163115.4,,61.70,62.60,
2020-09-01,160174.0,163202.5,,61.40,62.59,
2020-10-01,161003.0,163289.8,,61.70,62.59,
2020-11-01,160629.0,163377.4,,61.50,62.59,
2020-12-01,160745.0,163465.2,,61.50,62.59,
2021-01-01,160081.0,163553.4,,61.40,62.58,
2021-02-01,160248.0,163641.8,,61.40,62.58,
2021-03-01,160439.0,163730.7,,61.50,62.58,
2021-04-01,160799.0,163819.9,,61.60,62.57,
2021-05-01,160806.0,163909.6,,61.60,62.57,
2021-06-01,161202.0,163999.8,,61.70,62.56,
2021-07-01,161543.0,164090.4,,61.80,62.56,
2021-08-01,161527.0,164181.6,,61.70,62.55,
2021-09-01,161454.0,164273.4,,61.70,62.55,
2021-10-01,161736.0,164365.8,,61.80,62.54,
2021-11-01,162243.0,164458.8,,61.90,62.53,
2021-12-01,162466.0,164552.4,,62.00,62.53,
2022-01-01,163614.0,164646.8,,62.20,62.52,
2022-02-01,163978.0,164741.8,,62.30,62.51,
2022-03-01,164271.0,164837.7,,62.40,62.51,
2022-04-01,163847.0,164934.3,,62.20,62.50,
2022-05-01,164372.0,165031.7,,62.30,62.49,
2022-06-01,164059.0,165129.9,,62.20,62.49,
2022-07-01,164076.0,165229.0,,62.10,62.48,
2022-08-01,164653.0,165328.9,,62.30,62.47,
2022-09-01,164561.0,165429.8,,62.20,62.46,
2022-10-01,164620.0,165531.6,,62.20,62.45,
2022-11-01,164402.0,165634.3,,62.10,62.45,
2022-12-01,164983.0,165738.0,,62.30,62.44,
2023-01-01,165943.0,165842.7,,62.40,62.43,
2023-02-01,166443.0,165948.4,,62.50,62.42,
2023-03-01,166707.0,166055.0,,62.60,62.41,
2023-04-01,166674.0,166162.7,,62.60,62.40,
2023-05-01,166896.0,166271.5,,62.60,62.40,
2023-06-01,166958.0,166381.3,,62.60,62.39,
2023-07-01,167169.0,166492.1,,62.60,62.38,
2023-08-01,167760.0,166604.0,,62.80,62.37,
2023-09-01,167725.0,166717.0,,62.70,62.36,
2023-10-01,167661.0,166831.0,,62.60,62.35,
2023-11-01,168090.0,166946.1,,62.80,62.34,
2023-12-01,167388.0,167062.3,,62.50,62.34,
2024-01-01,167308.0,167179.5,,62.50,62.33,
2024-02-01,167569.0,167297.9,,62.60,62.32,
2024-03-01,167983.0,167417.2,,62.70,62.31,
2024-04-01,167923.0,167537.7,,62.60,62.30,
2024-05-01,167807.0,167659.1,,62.60,62.29,
2024-06-01,168034.0,167781.6,,62.60,62.29,
2024-07-01,168395.0,167905.2,,62.70,62.28,
2024-08-01,168492.0,168029.7,,62.70,62.27,
2024-09-01,168662.0,168155.3,,62.70,62.26,
2024-10-01,168395.0,168281.8,,62.50,62.26,
2024-11-01,168248.0,168409.3,,62.40,62.25,
2024-12-01,168506.0,168537.7,,62.50,62.24,
2025-01-01,170696.0,168667.1,,62.60,62.24,
2025-02-01,170441.0,168797.3,,62.50,62.23,
2025-03-01,170641.0,168928.4,,62.50,62.22,
2025-04-01,171054.0,169060.4,,62.60,62.22,
2025-05-01,170492.0,169193.2,,62.40,62.21,
2025-06-01,170380.0,169326.8,,62.30,62.21,
2025-07-01,170412.0,169461.1,,62.20,62.20,
2025-08-01,170750.0,169596.2,,62.30,62.20,
2025-09-01,171261.0,169732.0,,62.50,62.19,
2025-10-01,,169868.5,,,62.19,
2025-11-01,171541.0,170005.6,,62.50,62.19,
2025-12-01,171495.0,170143.3,,62.40,62.18,
2026-01-01,170465.0,170281.6,,62.10,62.18,
2026-02-01,170483.0,170420.4,170420.4,62.00,62.18,62.18
2026-03-01,170087.0,,170496.8,61.90,,62.17
2026-04-01,169995.0,,170573.3,61.80,,62.17
2026-05-01,170078.0,,170649.7,61.80,,62.16
2026-06-01,169358.0,,170726.2,61.50,,62.16
2026-07-01,169094.0,,170802.6,61.40,,62.15
2026-08-01,,,170879.1,,,62.15
2026-09-01,,,170955.5,,,62.14
2026-10-01,,,171032.0,,,62.14
2026-11-01,,,171108.4,,,62.14
2026-12-01,,,171184.8,,,62.13
2027-01-01,,,171261.3,,,62.13
2027-02-01,,,171339.8,,,62.13
2027-03-01,,,171418.2,,,62.12
2027-04-01,,,171496.7,,,62.12
2027-05-01,,,171575.2,,,62.12
2027-06-01,,,171653.6,,,62.12
2027-07-01,,,171732.1,,,62.11
2027-08-01,,,171810.6,,,62.11
2027-09-01,,,171889.1,,,62.11
2027-10-01,,,171967.5,,,62.11
2027-11-01,,,172046.0,,,62.11
2027-12-01,,,172124.5,,,62.10
2028-01-01,,,172202.9,,,62.10
2028-02-01,,,172283.8,,,62.10
2028-03-01,,,172364.6,,,62.10
2028-04-01,,,172445.4,,,62.10
2028-05-01,,,172526.2,,,62.10
2028-06-01,,,172607.0,,,62.10
2028-07-01,,,172687.8,,,62.10
2028-08-01,,,172768.6,,,62.10
2028-09-01,,,172849.5,,,62.10
2028-10-01,,,172930.3,,,62.10
2028-11-01,,,173011.1,,,62.10
2028-12-01,,,173091.9,,,62.10
2029-01-01,,,173172.7,,,62.10
2029-02-01,,,173250.4,,,62.10
2029-03-01,,,173328.1,,,62.09
2029-04-01,,,173405.8,,,62.09
2029-05-01,,,173483.6,,,62.09
2029-06-01,,,173561.3,,,62.09
2029-07-01,,,173639.0,,,62.09
2029-08-01,,,173716.7,,,62.09
2029-09-01,,,173794.4,,,62.09
2029-10-01,,,173872.1,,,62.09
2029-11-01,,,173949.8,,,62.09
2029-12-01,,,174027.5,,,62.09
2030-01-01,,,174105.2,,,62.08
2030-02-01,,,174185.4,,,62.09
2030-03-01,,,174265.6,,,62.09
2030-04-01,,,174345.8,,,62.09
2030-05-01,,,174426.0,,,62.09
2030-06-01,,,174506.1,,,62.09
2030-07-01,,,174586.3,,,62.09
2030-08-01,,,174666.5,,,62.09
2030-09-01,,,174746.7,,,62.09
2030-10-01,,,174826.9,,,62.09
2030-11-01,,,174907.1,,,62.09
2030-12-01,,,174987.2,,,62.09
2031-01-01,,,175067.4,,,62.09
2031-02-01,,,175141.9,,,62.09
2031-03-01,,,175216.5,,,62.09
2031-04-01,,,175291.0,,,62.09
2031-05-01,,,175365.5,,,62.09
2031-06-01,,,175440.0,,,62.09
2031-07-01,,,175514.6,,,62.09
2031-08-01,,,175589.1,,,62.09
2031-09-01,,,175663.6,,,62.09
2031-10-01,,,175738.1,,,62.09
2031-11-01,,,175812.7,,,62.09
2031-12-01,,,175887.2,,,62.09
2032-01-01,,,175961.7,,,62.09
2032-02-01,,,176029.7,,,62.09
2032-03-01,,,176097.7,,,62.09
2032-04-01,,,176165.6,,,62.09
2032-05-01,,,176233.6,,,62.09
2032-06-01,,,176301.6,,,62.09
2032-07-01,,,176369.6,,,62.09
2032-08-01,,,176437.5,,,62.09
2032-09-01,,,176505.5,,,62.09
2032-10-01,,,176573.5,,,62.09
2032-11-01,,,176641.5,,,62.09
2032-12-01,,,176709.4,,,62.09
2033-01-01,,,176777.4,,,62.09
2033-02-01,,,176834.7,,,62.09
2033-03-01,,,176892.0,,,62.09
2033-04-01,,,176949.3,,,62.09
2033-05-01,,,177006.5,,,62.09
2033-06-01,,,177063.8,,,62.08
2033-07-01,,,177121.1,,,62.08
2033-08-01,,,177178.4,,,62.08
2033-09-01,,,177235.7,,,62.08
2033-10-01,,,177293.0,,,62.08
2033-11-01,,,177350.3,,,62.08
2033-12-01,,,177407.6,,,62.08
2034-01-01,,,177464.8,,,62.07
2034-02-01,,,177509.7,,,62.07
2034-03-01,,,177554.6,,,62.07
2034-04-01,,,177599.4,,,62.06
2034-05-01,,,177644.3,,,62.06
2034-06-01,,,177689.2,,,62.06
2034-07-01,,,177734.0,,,62.05
2034-08-01,,,177778.9,,,62.05
2034-09-01,,,177823.8,,,62.04
2034-10-01,,,177868.6,,,62.04
2034-11-01,,,177913.5,,,62.04
2034-12-01,,,177958.4,,,62.03
2035-01-01,,,178003.2,,,62.03
2035-02-01,,,178043.1,,,62.03
2035-03-01,,,178082.9,,,62.02
2035-04-01,,,178122.8,,,62.02
2035-05-01,,,178162.6,,,62.02
