# Women's Labor Force Participation Rate, Ages 25-54: United States and Canada
# Nicolas Petrosky-Nadeau, May 2, 2026
#
# Monthly data, seasonally adjusted, January 1988 - March 2026.
# United States: Bureau of Labor Statistics, series LNS11300062.
# Canada: Statistics Canada, Table 14-10-0287-01.
#
# Update of Figure 1 from:
#   Petrosky-Nadeau, "Why Aren't U.S. Workers Working?"
#   FRBSF Economic Letter 2018-24, November 2018.
#   https://www.frbsf.org/research-and-insights/publications/economic-letter/2018/11/why-are-us-workers-not-participating/
#
date,us_lfpr_women_25_54,ca_lfpr_women_25_54
1988-01,72.2,72.3
1988-02,72.2,72.7
1988-03,72.5,72.7
1988-04,72.3,72.8
1988-05,72.4,72.8
1988-06,72.4,73.4
1988-07,72.6,73.3
1988-08,72.8,73.4
1988-09,72.8,73.2
1988-10,73.0,73.6
1988-11,73.4,73.8
1988-12,73.4,73.6
1989-01,73.6,73.8
1989-02,73.5,73.9
1989-03,73.4,74.3
1989-04,73.5,74.3
1989-05,73.4,74.4
1989-06,73.3,73.9
1989-07,73.4,74.2
1989-08,73.5,74.4
1989-09,74.0,74.7
1989-10,73.8,74.6
1989-11,74.1,74.9
1989-12,74.1,75.2
1990-01,74.1,75.3
1990-02,74.0,75.5
1990-03,74.0,75.0
1990-04,73.9,75.3
1990-05,74.1,75.4
1990-06,73.9,75.4
1990-07,74.0,75.4
1990-08,74.0,75.5
1990-09,74.0,75.7
1990-10,73.9,75.7
1990-11,73.9,75.7
1990-12,73.9,75.5
1991-01,73.7,75.7
1991-02,73.9,75.7
1991-03,74.0,75.9
1991-04,74.3,76.0
1991-05,74.1,75.9
1991-06,74.2,76.1
1991-07,73.9,76.1
1991-08,74.1,76.2
1991-09,74.1,75.6
1991-10,74.2,75.8
1991-11,74.1,75.6
1991-12,74.1,75.5
1992-01,74.4,75.2
1992-02,74.4,75.5
1992-03,74.5,75.4
1992-04,74.7,75.2
1992-05,74.8,75.2
1992-06,74.9,75.3
1992-07,74.8,75.4
1992-08,74.8,75.1
1992-09,74.5,74.9
1992-10,74.4,74.9
1992-11,74.6,75.7
1992-12,74.6,75.5
1993-01,74.3,75.4
1993-02,74.2,75.2
1993-03,74.4,75.3
1993-04,74.1,75.5
1993-05,74.5,75.8
1993-06,74.6,76.0
1993-07,74.6,75.7
1993-08,74.8,75.7
1993-09,74.7,75.9
1993-10,74.8,75.7
1993-11,74.9,75.7
1993-12,75.2,75.8
1994-01,75.0,75.5
1994-02,75.3,75.1
1994-03,75.2,74.8
1994-04,75.1,75.1
1994-05,75.2,75.3
1994-06,74.7,75.2
1994-07,75.1,75.3
1994-08,75.4,75.5
1994-09,76.0,75.7
1994-10,75.5,75.8
1994-11,75.6,75.8
1994-12,75.2,76.0
1995-01,75.3,75.8
1995-02,75.5,76.1
1995-03,75.5,76.3
1995-04,75.9,75.7
1995-05,75.5,75.7
1995-06,75.2,75.6
1995-07,75.7,75.6
1995-08,75.6,75.6
1995-09,75.7,75.7
1995-10,75.8,75.6
1995-11,76.0,75.4
1995-12,75.7,75.6
1996-01,75.8,75.6
1996-02,75.7,75.9
1996-03,75.8,75.9
1996-04,75.9,75.7
1996-05,76.0,75.6
1996-06,76.0,75.9
1996-07,76.3,76.1
1996-08,76.3,76.0
1996-09,76.2,76.4
1996-10,76.4,76.2
1996-11,76.5,76.3
1996-12,76.6,76.5
1997-01,76.5,76.5
1997-02,76.3,76.3
1997-03,76.6,76.4
1997-04,76.5,76.8
1997-05,76.4,76.8
1997-06,76.7,76.9
1997-07,77.0,76.9
1997-08,77.2,77.0
1997-09,77.0,77.0
1997-10,76.8,77.3
1997-11,76.5,77.4
1997-12,76.6,77.1
1998-01,76.4,77.5
1998-02,76.5,77.5
1998-03,76.7,77.5
1998-04,76.3,77.5
1998-05,76.3,77.5
1998-06,76.4,77.4
1998-07,76.5,77.5
1998-08,76.6,77.6
1998-09,76.8,77.7
1998-10,76.7,77.5
1998-11,76.6,77.7
1998-12,76.8,78.0
1999-01,77.0,78.1
1999-02,76.8,78.1
1999-03,76.5,78.0
1999-04,76.6,78.2
1999-05,76.7,78.2
1999-06,76.9,78.3
1999-07,76.6,78.4
1999-08,76.7,78.5
1999-09,76.9,78.2
1999-10,77.0,78.2
1999-11,77.1,78.1
1999-12,76.7,77.9
2000-01,77.0,78.2
2000-02,76.9,78.4
2000-03,77.1,78.5
2000-04,77.3,78.4
2000-05,77.0,78.4
2000-06,76.8,78.5
2000-07,76.6,78.4
2000-08,76.3,78.4
2000-09,76.4,78.6
2000-10,76.3,78.8
2000-11,76.5,78.8
2000-12,76.5,78.8
2001-01,76.9,79.0
2001-02,76.8,78.9
2001-03,76.9,79.0
2001-04,76.3,79.2
2001-05,76.4,79.4
2001-06,76.2,79.0
2001-07,76.2,79.0
2001-08,76.2,79.2
2001-09,76.2,79.2
2001-10,76.1,79.1
2001-11,76.2,79.2
2001-12,76.3,79.3
2002-01,76.1,79.7
2002-02,76.4,79.7
2002-03,76.1,79.9
2002-04,76.2,80.2
2002-05,76.1,80.2
2002-06,75.7,80.4
2002-07,75.5,80.5
2002-08,75.7,80.5
2002-09,75.8,80.9
2002-10,75.7,80.6
2002-11,75.4,80.6
2002-12,75.8,80.8
2003-01,75.8,80.7
2003-02,75.8,80.7
2003-03,76.1,80.8
2003-04,76.0,80.7
2003-05,75.9,80.9
2003-06,76.1,81.0
2003-07,75.6,81.2
2003-08,75.6,81.3
2003-09,75.3,81.4
2003-10,75.3,81.6
2003-11,75.2,81.5
2003-12,75.1,81.6
2004-01,75.2,81.4
2004-02,75.2,81.6
2004-03,75.5,81.6
2004-04,75.4,81.7
2004-05,75.3,81.6
2004-06,75.5,81.8
2004-07,75.4,81.5
2004-08,75.1,81.5
2004-09,75.2,81.3
2004-10,75.1,81.2
2004-11,75.2,81.6
2004-12,75.1,81.5
2005-01,75.3,81.4
2005-02,75.3,81.6
2005-03,75.0,81.4
2005-04,75.2,81.1
2005-05,75.3,81.1
2005-06,75.0,81.1
2005-07,75.3,80.9
2005-08,75.2,81.0
2005-09,75.4,81.0
2005-10,75.2,81.2
2005-11,75.3,80.9
2005-12,75.4,81.0
2006-01,75.3,81.4
2006-02,75.5,81.0
2006-03,75.4,81.0
2006-04,75.3,81.5
2006-05,75.3,81.4
2006-06,75.4,81.4
2006-07,75.7,81.4
2006-08,75.6,81.0
2006-09,75.5,81.1
2006-10,75.6,81.4
2006-11,75.5,81.3
2006-12,75.5,81.7
2007-01,75.6,81.9
2007-02,75.3,81.9
2007-03,75.3,82.2
2007-04,75.0,81.9
2007-05,75.3,81.9
2007-06,75.3,81.8
2007-07,75.4,82.1
2007-08,75.5,82.1
2007-09,75.4,82.2
2007-10,75.3,82.0
2007-11,75.5,82.0
2007-12,75.5,81.8
2008-01,75.7,81.6
2008-02,75.5,81.8
2008-03,75.8,81.6
2008-04,75.8,81.4
2008-05,75.9,81.8
2008-06,76.0,81.6
2008-07,75.7,81.8
2008-08,76.0,82.0
2008-09,75.8,81.6
2008-10,75.8,81.8
2008-11,75.9,81.7
2008-12,75.9,82.3
2009-01,75.8,82.0
2009-02,76.0,82.2
2009-03,75.7,82.4
2009-04,75.9,82.3
2009-05,75.8,82.3
2009-06,75.9,82.1
2009-07,75.8,81.7
2009-08,75.6,81.7
2009-09,75.3,82.1
2009-10,75.3,82.0
2009-11,75.4,82.5
2009-12,75.2,82.2
2010-01,75.6,82.5
2010-02,75.5,82.5
2010-03,75.5,82.6
2010-04,75.6,82.6
2010-05,75.2,82.4
2010-06,75.1,82.7
2010-07,74.8,82.5
2010-08,74.9,82.5
2010-09,74.9,82.2
2010-10,74.9,82.1
2010-11,75.3,82.0
2010-12,75.2,81.9
2011-01,74.9,82.3
2011-02,74.7,82.3
2011-03,74.9,82.1
2011-04,74.9,82.2
2011-05,74.6,81.8
2011-06,74.6,82.1
2011-07,74.5,82.0
2011-08,74.7,82.1
2011-09,74.6,82.1
2011-10,74.4,82.1
2011-11,74.4,82.0
2011-12,74.6,81.8
2012-01,74.5,82.1
2012-02,74.5,82.0
2012-03,74.5,81.9
2012-04,74.4,82.3
2012-05,74.5,82.4
2012-06,74.4,82.1
2012-07,74.5,82.2
2012-08,74.5,82.3
2012-09,74.6,82.5
2012-10,74.7,82.7
2012-11,74.3,82.9
2012-12,74.6,82.8
2013-01,74.0,82.6
2013-02,73.9,82.7
2013-03,73.9,82.6
2013-04,73.7,82.4
2013-05,74.0,82.5
2013-06,74.0,82.4
2013-07,74.1,82.6
2013-08,74.0,82.7
2013-09,73.9,82.6
2013-10,73.5,82.4
2013-11,73.8,82.2
2013-12,73.8,82.5
2014-01,73.9,82.1
2014-02,74.3,82.0
2014-03,74.2,82.2
2014-04,74.0,81.8
2014-05,73.8,81.9
2014-06,74.0,81.7
2014-07,73.7,81.8
2014-08,74.0,81.6
2014-09,73.7,81.6
2014-10,73.9,81.9
2014-11,73.9,81.9
2014-12,73.8,81.6
2015-01,73.8,81.8
2015-02,73.6,82.0
2015-03,73.4,82.1
2015-04,73.8,82.0
2015-05,74.1,81.9
2015-06,73.8,82.1
2015-07,73.5,82.1
2015-08,73.5,82.1
2015-09,73.3,82.2
2015-10,73.6,81.7
2015-11,73.9,82.1
2015-12,73.9,82.1
2016-01,74.0,82.2
2016-02,74.0,81.9
2016-03,74.2,82.0
2016-04,74.2,82.3
2016-05,74.2,82.4
2016-06,74.2,82.1
2016-07,74.2,81.7
2016-08,74.4,81.7
2016-09,74.7,81.7
2016-10,74.7,81.8
2016-11,74.4,82.0
2016-12,74.4,82.4
2017-01,74.4,82.8
2017-02,74.8,82.9
2017-03,74.9,82.9
2017-04,75.1,82.8
2017-05,75.1,82.9
2017-06,75.0,83.0
2017-07,75.2,83.1
2017-08,75.0,82.9
2017-09,75.3,82.9
2017-10,74.8,82.8
2017-11,75.2,82.7
2017-12,74.9,82.6
2018-01,74.7,82.3
2018-02,75.2,82.7
2018-03,75.0,82.9
2018-04,74.9,82.7
2018-05,75.0,82.8
2018-06,75.4,83.0
2018-07,75.6,83.3
2018-08,75.3,83.6
2018-09,75.3,83.7
2018-10,75.7,83.7
2018-11,75.7,83.7
2018-12,75.8,84.0
2019-01,75.8,83.7
2019-02,75.8,83.9
2019-03,75.6,83.5
2019-04,75.5,83.9
2019-05,75.6,83.5
2019-06,75.8,83.6
2019-07,75.4,83.6
2019-08,76.2,83.4
2019-09,76.4,83.6
2019-10,76.7,83.6
2019-11,76.6,83.6
2019-12,76.9,83.7
2020-01,76.9,83.9
2020-02,76.9,83.5
2020-03,76.2,81.5
2020-04,73.5,78.1
2020-05,74.2,79.5
2020-06,75.2,82.3
2020-07,75.1,82.2
2020-08,74.8,82.2
2020-09,74.4,84.1
2020-10,74.8,84.1
2020-11,74.7,84.2
2020-12,74.9,84.0
2021-01,74.7,83.7
2021-02,74.9,84.0
2021-03,75.3,84.1
2021-04,75.1,84.0
2021-05,74.9,83.5
2021-06,75.4,83.8
2021-07,75.6,84.0
2021-08,75.3,84.0
2021-09,75.2,85.0
2021-10,75.5,84.6
2021-11,75.8,84.8
2021-12,76.0,85.0
2022-01,76.0,84.6
2022-02,75.8,84.9
2022-03,76.5,85.0
2022-04,76.2,85.2
2022-05,76.5,85.4
2022-06,76.4,85.2
2022-07,76.4,84.9
2022-08,77.1,85.2
2022-09,76.6,85.0
2022-10,76.6,85.2
2022-11,76.4,85.1
2022-12,76.5,85.2
2023-01,76.9,85.3
2023-02,77.1,85.4
2023-03,77.2,85.4
2023-04,77.5,85.2
2023-05,77.6,85.6
2023-06,77.8,85.6
2023-07,77.5,85.7
2023-08,77.6,85.6
2023-09,77.4,85.5
2023-10,77.7,85.5
2023-11,77.4,85.5
2023-12,77.2,85.3
2024-01,77.4,85.3
2024-02,77.7,85.2
2024-03,77.7,85.2
2024-04,78.0,85.3
2024-05,78.1,85.0
2024-06,77.9,85.0
2024-07,78.1,84.8
2024-08,78.4,84.8
2024-09,78.1,85.0
2024-10,77.8,84.9
2024-11,77.7,85.2
2024-12,77.9,84.9
2025-01,77.7,85.1
2025-02,77.9,85.1
2025-03,77.6,85.1
2025-04,77.7,84.6
2025-05,77.8,84.9
2025-06,77.7,84.8
2025-07,77.7,84.7
2025-08,77.8,84.2
2025-09,78.0,85.3
2025-11,78.2,85.1
2025-12,78.1,85.5
2026-01,78.4,84.9
2026-02,78.3,85.0
2026-03,78.5,85.1
